{
  "schema": "autoalias.curves.v1",
  "unit": "px",
  "curves": [],
  "quality": [
    {
      "label": "beltline_s_curve",
      "passed": true,
      "metrics": {
        "degree": 7,
        "span": 1,
        "single_span": true,
        "cv_count": 8,
        "knot_count": 16,
        "cv_spacing_ratio": 1.48577586622315,
        "cv_min_spacing": 47.38511153068008,
        "cv_max_spacing": 70.40365513057677,
        "control_polygon_turnback": false,
        "max_abs_curvature": 0.009199135797482624,
        "curvature_smoothness": 5.539300036277885e-08,
        "curvature_jerk": 7.152960222864974e-11,
        "curvature_peak_count": 2,
        "curvature_oscillation": 0.04920241471889965,
        "inflection_count": 3,
        "inflection_u": [
          0.07560669456066944,
          0.49999999999999994,
          0.9141422594142259
        ],
        "chamfer_mean": 4.444111689927121,
        "hausdorff": 16.064755874927837,
        "rms_projection_error": 9.0228097288272,
        "endpoint_error": 0.0
      },
      "warnings": []
    },
    {
      "label": "soft_l_blend_bumper",
      "passed": true,
      "metrics": {
        "degree": 7,
        "span": 1,
        "single_span": true,
        "cv_count": 8,
        "knot_count": 16,
        "cv_spacing_ratio": 1.491994667893474,
        "cv_min_spacing": 30.441652586434095,
        "cv_max_spacing": 45.41878334082525,
        "control_polygon_turnback": false,
        "max_abs_curvature": 0.014796773143662621,
        "curvature_smoothness": 3.277417058674832e-08,
        "curvature_jerk": 2.7164003665033474e-11,
        "curvature_peak_count": 2,
        "curvature_oscillation": 0.024958160220301565,
        "inflection_count": 2,
        "inflection_u": [
          0.15556485355648536,
          0.9387447698744769
        ],
        "chamfer_mean": 4.890424218775911,
        "hausdorff": 19.800623356546506,
        "rms_projection_error": 10.227720883695872,
        "endpoint_error": 0.0
      },
      "warnings": []
    }
  ]
}