{
  "schema": "autoalias.curves.v1",
  "unit": "px",
  "curves": [
    {
      "label": "beltline_s_curve",
      "degree": 7,
      "span": 1,
      "single_span": true,
      "cv": [
        [
          0.0,
          0.0,
          0.0
        ],
        [
          47.146114349365234,
          -11.140588760375977,
          0.0
        ],
        [
          95.73499298095703,
          -40.48213577270508,
          0.0
        ],
        [
          143.1175994873047,
          -27.58582878112793,
          0.0
        ],
        [
          187.51226806640625,
          25.912954330444336,
          0.0
        ],
        [
          234.6060791015625,
          43.80464172363281,
          0.0
        ],
        [
          282.4509582519531,
          8.745426177978516,
          0.0
        ],
        [
          330.0,
          0.0,
          0.0
        ]
      ],
      "weights": [
        1.0,
        1.0,
        1.0,
        1.0,
        1.0,
        1.0,
        1.0,
        1.0
      ],
      "knots": [
        0.0,
        0.0,
        0.0,
        0.0,
        0.0,
        0.0,
        0.0,
        0.0,
        1.0,
        1.0,
        1.0,
        1.0,
        1.0,
        1.0,
        1.0,
        1.0
      ],
      "u_min": 0.0,
      "u_max": 1.0,
      "confidence": 1.0,
      "source": "points_json+torch_refine",
      "metadata": {
        "candidate_points": 12,
        "torch_refine_loss": 175.49810791015625,
        "torch_refine_steps": 80,
        "inflection_u": [
          0.07065326633165828,
          0.5024120603015075,
          0.917286432160804
        ],
        "is_s_curve": true,
        "max_abs_curvature": 0.007723164459947852,
        "effective_radius_px": 129.48060412101495,
        "is_l_curve": false
      }
    },
    {
      "label": "soft_l_blend_bumper",
      "degree": 7,
      "span": 1,
      "single_span": true,
      "cv": [
        [
          0.0,
          120.0,
          0.0
        ],
        [
          35.35432815551758,
          119.61984252929688,
          0.0
        ],
        [
          66.85777282714844,
          118.66336059570312,
          0.0
        ],
        [
          105.31393432617188,
          127.96914672851562,
          0.0
        ],
        [
          147.7263946533203,
          112.58110809326172,
          0.0
        ],
        [
          161.23666381835938,
          69.30252075195312,
          0.0
        ],
        [
          155.67132568359375,
          33.71015930175781,
          0.0
        ],
        [
          156.0,
          0.0,
          0.0
        ]
      ],
      "weights": [
        1.0,
        1.0,
        1.0,
        1.0,
        1.0,
        1.0,
        1.0,
        1.0
      ],
      "knots": [
        0.0,
        0.0,
        0.0,
        0.0,
        0.0,
        0.0,
        0.0,
        0.0,
        1.0,
        1.0,
        1.0,
        1.0,
        1.0,
        1.0,
        1.0,
        1.0
      ],
      "u_min": 0.0,
      "u_max": 1.0,
      "confidence": 1.0,
      "source": "points_json+torch_refine",
      "metadata": {
        "candidate_points": 8,
        "torch_refine_loss": 118.08949279785156,
        "torch_refine_steps": 80,
        "inflection_u": [
          0.1357788944723618,
          0.9510552763819095
        ],
        "is_s_curve": true,
        "max_abs_curvature": 0.014423540038315693,
        "effective_radius_px": 69.3311071584043,
        "is_l_curve": false
      }
    }
  ],
  "quality": [
    {
      "label": "beltline_s_curve",
      "passed": true,
      "metrics": {
        "degree": 7,
        "span": 1,
        "single_span": true,
        "cv_count": 8,
        "knot_count": 16,
        "cv_spacing_ratio": 1.437946527173507,
        "cv_min_spacing": 48.34660122689057,
        "cv_max_spacing": 69.51982733484971,
        "control_polygon_turnback": false,
        "max_abs_curvature": 0.007930313223271621,
        "curvature_smoothness": 4.677339078061647e-08,
        "curvature_jerk": 5.1510922403074185e-11,
        "curvature_peak_count": 2,
        "curvature_oscillation": 0.04700675146383267,
        "inflection_count": 3,
        "inflection_u": [
          0.06945606694560669,
          0.49999999999999994,
          0.9182426778242676
        ],
        "chamfer_mean": 4.529614862810529,
        "hausdorff": 15.995128570070124,
        "rms_projection_error": 9.043849421830922,
        "endpoint_error": 0.0
      },
      "warnings": []
    },
    {
      "label": "soft_l_blend_bumper",
      "passed": true,
      "metrics": {
        "degree": 7,
        "span": 1,
        "single_span": true,
        "cv_count": 8,
        "knot_count": 16,
        "cv_spacing_ratio": 1.4384916007708703,
        "cv_min_spacing": 31.517961289839132,
        "cv_max_spacing": 45.33832258885502,
        "control_polygon_turnback": false,
        "max_abs_curvature": 0.014423453239081866,
        "curvature_smoothness": 2.655992718202857e-08,
        "curvature_jerk": 1.9018540218929663e-11,
        "curvature_peak_count": 1,
        "curvature_oscillation": 0.02315947970114742,
        "inflection_count": 2,
        "inflection_u": [
          0.13711297071129708,
          0.9489958158995815
        ],
        "chamfer_mean": 5.166330742547505,
        "hausdorff": 19.88231732822499,
        "rms_projection_error": 10.301304201796803,
        "endpoint_error": 0.0
      },
      "warnings": []
    }
  ]
}